true__action_noise,true__xprob_volatility,estimated__action_noise,estimated__xprob_volatility,prior_idx,input_sequence_idx,simulation_idx
0.1,-10,0.08448269020824087,-7.650507924642222,1,1,1
0.1,-7,0.11453442673989603,-7.188094897880126,1,1,1
0.1,-4,0.14723709586369693,-4.308222454781429,1,1,1
1.1,-10,1.2914679194530494,-3.3602408939550146,1,1,1
1.1,-7,1.2032920461358798,-6.19018725144482,1,1,1
1.1,-4,1.306229078650641,-4.426058200351875,1,1,1
2.1,-10,2.0059243417487527,-6.125848632734044,1,1,1
2.1,-7,2.0665224551234136,-3.7768976025534977,1,1,1
2.1,-4,1.6102318081992373,-4.920564739332374,1,1,1
